publishedAt,authorDisplayName,textDisplay,likeCount
2025-11-09T13:09:19Z,@ZaujatisuryatiZaujati,ğŸ˜†ğŸ˜†ğŸ˜†ğŸ˜†ğŸ˜†ğŸ˜†ğŸ˜†ğŸ˜†ğŸ˜†ğŸ˜†ğŸ˜†ğŸ˜‚ğŸ˜‚ğŸ˜‚ğŸ˜‚ğŸ˜‚ğŸ˜‚ğŸ˜‚ğŸ¤£ğŸ˜‚ğŸ¤£ğŸ˜‚ğŸ¤£ğŸ˜‚ğŸ¤£ğŸ˜‚ğŸ¤£ğŸ˜‚ğŸ¤£,0
2025-11-09T12:40:44Z,@YantiPatimah-r6v1r,ğŸ˜‚ğŸ˜‚ğŸ˜‚ğŸ˜‚ğŸ˜‚huh teriyak<br>lagi cantikğŸ¥°,0
2025-11-09T12:35:07Z,@gedejestin8070,ğŸ˜­ğŸ˜‚ğŸ˜‚ğŸ˜‚ğŸ˜‚,0
2025-11-09T12:24:08Z,@vivieanetha5624,Nombor Satu paling kocakğŸ˜‚ğŸ˜‚ğŸ˜‚ğŸ˜‚ğŸ˜‚ğŸ˜‚,0
2025-11-09T12:22:23Z,@radenapau1456,ğŸ˜…ğŸ˜‚ğŸ˜…ğŸ˜‚ğŸ˜…ğŸ˜‚ğŸ˜…ğŸ¤£ğŸ¤£ğŸ¤£ğŸ˜‚ğŸ˜‚ğŸ˜…,0
2025-11-09T12:17:59Z,@RafaelLalindu-g6j,Di kelasku begitu tapi direbut,1
2025-11-09T12:05:42Z,@topikgelap7023,Norak lu,0
2025-11-09T11:31:51Z,@WindaSiregar-ue6lw,Kenyang,0
2025-11-09T11:14:54Z,@MaulanaF-i2f,Mbg=makanan berulat gratis,0
2025-11-09T10:58:11Z,@jovinniyo2143,wkwkwkwkwkwkwkwkwkwkğŸ˜‚ğŸ˜‚ğŸ˜‚ğŸ˜‚ğŸ˜‚ğŸ˜‚ğŸ˜‚ğŸ˜‚ğŸ˜‚ğŸ˜‚ğŸ˜‚ğŸ˜‚ğŸ˜‚wkwkwkw,0
2025-11-09T10:57:32Z,@AhmadArsyil-h2q,ğŸ˜‚ğŸ˜‚ğŸ˜‚ğŸ˜‚ğŸ˜‚ğŸ˜‚ğŸ˜‚ğŸ˜‚,0
2025-11-09T10:38:54Z,@ryageulis_sant,Yang terakhir itu Pake garpu  ancur mbg terus dilempar lagi,0
2025-11-09T10:32:14Z,@santiocta8205,Yang terakhir lucu bangetğŸ˜‚ğŸ˜‚ğŸ˜‚ğŸ˜‚ğŸ˜‚ğŸ˜‚,0
2025-11-09T10:24:52Z,@hafiz-o7q1m,endingnya lucu banget,0
2025-11-09T09:50:37Z,@muhammadmuhammadhanif4831,ğŸ˜‚ğŸ˜‚ğŸ˜‚ğŸ˜‚ğŸ˜‚ğŸ˜‚ğŸ˜‚ğŸ˜‚ğŸ˜‚ğŸ˜‚ğŸ˜‚,0
2025-11-09T07:59:01Z,@AbdRahmanAbdul-r4w,ğŸ˜…ğŸ˜…ğŸ˜…ğŸ˜…ğŸ˜‚ğŸ˜‚ğŸ˜‚ğŸ˜‚ğŸ˜‚ğŸ˜‚ğŸ¤£ğŸ˜…ğŸ˜ğŸ˜„,0
2025-11-09T07:40:50Z,@FayholaSinaga,ğŸ˜‚ğŸ˜‚ğŸ˜‚ğŸ˜‚ğŸ˜…ğŸ˜…ğŸ˜…ğŸ˜…ğŸ˜…ğŸ˜…ğŸ˜…ğŸ˜ŠğŸ˜ŠğŸ˜ŠğŸ˜ŠğŸ˜ŠğŸ˜ŠğŸ˜ŠğŸ˜ŠğŸ˜ŠğŸ˜ŠğŸ˜Š8eys8d0fk8h0â¤ğŸ‰ğŸ‰ğŸ˜®,0
2025-11-09T07:16:21Z,@MuntahalKhoir-f4l,Yang terakhir lucu banget ngakak aja ğŸ˜‚ğŸ˜‚ğŸ˜‚ğŸ˜‚ğŸ˜‚ğŸ˜‚,0
2025-11-09T06:30:39Z,@argaproplayer99,Yang terakhir beh mantapp lempar tutup mbg anjay ğŸ˜‚ğŸ˜‚ğŸ˜‚ğŸ˜‚ğŸ˜‚ğŸ˜‚ğŸ˜‚ğŸ˜‚ğŸ˜‚ğŸ˜‚ğŸ˜‚ğŸ˜‚ğŸ˜‚ğŸ˜‚,0
2025-11-09T05:36:59Z,@Fina-e8o,nomor 1 paling lucu sampe di lempar tutup nasi nya ğŸ˜…ğŸ˜…ğŸ˜…ğŸ˜…ğŸ˜…ğŸ˜…,1
2025-11-09T05:03:33Z,@handokobudiantoro6964,Penak men Kowe le njenengi,0
2025-11-09T04:49:47Z,@SihalohoSinapuran,Berlomba jadi govlokk,0
2025-11-09T04:47:33Z,@uswatunhasanah5761,ğŸ˜‚ğŸ˜‚ğŸ˜‚ğŸ˜‚ğŸ˜‚ğŸ˜‚,0
2025-11-09T04:46:21Z,@ParidaHariani-b6k,Napa gurunya diam aja muridnya kurang ajar,0
2025-11-09T04:17:30Z,@KholilYullah,ğŸ˜‚ğŸ˜…,0
2025-11-09T04:04:42Z,@KristinaKristina-x1m1q,ğŸ˜‚ğŸ˜‚ğŸ˜‚ğŸ˜‚ğŸ˜‚ğŸ˜‚ğŸ˜‚,0
2025-11-09T03:23:43Z,@SitiHadijah-x8j,Astaghfirullahaladzim,0
2025-11-09T03:08:22Z,@emoji_cat-officialo6r,Nomor 5 cantik banget,1
2025-11-09T06:46:03Z,@RolandoPetrosian-w7x,iya bjr,0
2025-11-09T03:07:19Z,@JuanAn-vd4ec,ğŸ˜¹,0
2025-11-09T02:59:14Z,@kasmatene3932,12345ğŸ˜‚ğŸ˜‚ğŸ˜‚,0
2025-11-09T02:08:53Z,@NopalQush,Gila,0
2025-11-09T01:42:28Z,@UmaUma-d3n,ğŸ˜…,0
2025-11-09T00:10:57Z,@suherlanrcc6110,ğŸ˜‚ğŸ˜‚ğŸ˜‚ğŸ˜‚ğŸ˜…ğŸ˜‚ğŸ˜‚ğŸ˜‚ğŸ˜‚ğŸ˜‚ğŸ˜‚ğŸ˜…ğŸ˜‚ğŸ˜ŠğŸ˜‚ğŸ˜ŠğŸ˜‚ğŸ˜ŠğŸ˜‚ğŸ˜ŠğŸ˜ŠğŸ˜‚ğŸ˜…ğŸ˜‚ğŸ˜ŠğŸ˜‚,0
2025-11-08T16:04:54Z,@naslizanurmansyah3675,I ğŸ˜‚ğŸ˜‚ğŸ˜‚ğŸ˜‚ğŸ˜‚ğŸ˜‚ğŸ˜‚ğŸ˜‚ğŸ˜‚ğŸ˜‚ğŸ˜‚ğŸ˜‚ğŸ˜‚ğŸ˜‚ğŸ˜‚ğŸ˜‚ğŸ˜‚ğŸ˜‚ğŸ˜‚ğŸ˜‚ğŸ˜‚ğŸ˜‚ğŸ˜‚ğŸ˜‚ğŸ˜‚ğŸ˜‚ğŸ˜‚ğŸ˜‚ğŸ˜‚ğŸ˜‚ğŸ˜‚ğŸ˜‚ğŸ˜‚ğŸ˜‚ğŸ˜‚,0
2025-11-08T14:28:45Z,@azzamahmad234,4,0
2025-11-08T14:04:36Z,@Hoki88-f1k,Kakk aku juga ada mbg,0
2025-11-08T13:46:29Z,@SuardiPirdaus-z5z,Hahahahahaha ğŸ¤£ğŸ¤£ğŸ¤£,0
2025-11-08T12:29:46Z,@PutraJaya-r9o,ğ¸ğ’½ğ‘’ğ‘”ğ‘’ğ’½ğ‘’ğ’½ğ’½ğ‘’ğ“‰ğ’¹ğ’½ğ‘’ğ’½ğ’¹ğ“‰ğ’½ğ‘’ğ“‰ğ‘’ğ’¿ğ“‰ğ‘’ğ‘”ğ‘’ğ’¿ğ“ƒğ’¹ğ’·ğ’¹ğ“ƒğ’¹ğ‘” ğ–½ğ—€ ğğ§ğğ ğ¬ğ¡ğ ğ¬ğ¡ğğ§ğğğ¡ğ ğ­â¤â¤â¤â¤â¤â¤â¤â¤â¤â¤ğ§ğğ§ğŸğ«ğğ ğğ§ğğ£ğğ¡ğğ¡ğğ¡ğğ¡ğğ£ğğ­ğ£ğğ²ğğ¡ğğ£ğğ£ğğ ğğ£ğğ¡ğ­ğğ¡ğğ¡ğğ­ğğŸ˜‚ğŸ˜‚ğŸ˜‚ğ«ğ£ğ ğ«ğ§ğğ›ğğŸğğ¡ğ«ğ ğğğ ğğ¡ğğğ ğğŸ˜‚ğŸ˜‚ğŸ˜‚ğŸ˜‚ğŸ˜‚ğŸ˜‚ğŸ˜‚ğŸ˜‚ğŸ˜‚ğ§ğğ ğğ§ğğ ğ«ğ§ğ£ğ«ğ£ğ¡ğ«ğ ğğ¡ğ«ğ­ğŸ˜‚ğŸ˜‚ğŸ˜‚ğŸ˜‚ğŸ˜‚ğŸ˜‚ğ¡ğğ¡ğğ¡ğ¡ğğğ¡ğğ¡ğ ğğ¡ğğğ¡ğ«ğ¡ğ²ğŸ˜‚ğŸ˜‚ğŸ˜‚ğŸ˜‚ğŸ˜‚ğŸ˜‚ğŸ˜‚ğŸ˜‚ğŸ˜‚ğŸ˜‚ğŸ˜‚ğŸ˜‚ğŸ˜‚ğŸ˜‚ğ£ğ«ğ­ğ«ğ¡ğŸ˜‚ğŸ˜‚,1
2025-11-08T10:09:21Z,@ArroyanDilan-i2s,Kek  lek lek  weğŸ˜…ğŸ˜…,0
2025-11-08T05:35:04Z,@BundaRosmiati-w8j,Cb bvkbğŸ˜‚ğŸ¤£ğŸ˜‚ğŸ¤£ğŸ˜‚,0
2025-11-07T16:34:04Z,@umarbetaubun4.1,Nomor 1 bar bar amatğŸ˜‚ğŸ˜‚,0
2025-11-07T14:59:34Z,@Iena88Emy,Yang nombor 2 lucu cok sayangggggg makan sayanggg temen ya jawab ok sayangg,0
2025-11-07T13:42:55Z,@Keenandracettazahwanagustian,Maksud nya tutup MBG nya dilempar,0
2025-11-07T13:41:53Z,@Keenandracettazahwanagustian,Itu yang buaya panggang ada yang ngejawab sama nomor 1 sampe di lemparğŸ˜‚ğŸ˜‚ğŸ˜‚ğŸ˜‚ğŸ˜‚ğŸ˜‚,0
2025-11-07T13:28:36Z,@affidahahmadjatin5822,tehair cecakpanas,0
2025-11-07T12:31:25Z,@GibranGibran-h3n,Allah,0
2025-11-07T09:43:24Z,@IndahYunita-d9y,Mereka kerasukan setan mbgğŸ˜­ğŸ˜­ğŸ˜­,0
2025-11-07T08:40:35Z,@RAKA.5747,Petugas mbg nya bilek pas dipulangin kotak nya dilihat udah penyok,0
2025-11-07T04:51:52Z,@ErmaAnita,Hebat hebat hebat dapat mbg bagus ya mbg nya apa dong lihat dong mbg nya ğŸ™,0
2025-11-07T04:22:48Z,@HELL_DAMN,"<a href=""http://www.youtube.com/results?search_query=%23mbg"">#Mbg</a><br>M: makan<br>B: beracun<br>G:gratis<br>Ga kebayang jier makan beracun gratis pantes muridÂ² kesakitanğŸ˜‚ğŸ˜‚",0
2025-11-06T16:05:35Z,@adutadut1432,ğŸ˜‚ğŸ˜‚ğŸ˜‚ğŸ˜‚ğŸ˜‚ğŸ˜‚ğŸ˜‚,0
2025-11-06T13:55:20Z,@TaiUyut,ğŸ‘ğŸ‘ğŸ‘ğŸ‘ğŸ‘ğŸ‘,0
2025-11-06T11:25:43Z,@RafaelHagen-j3f,Yang di teakih itu lucu ğŸ˜‚ğŸ˜‚ğŸ˜‚ğŸ˜‚,1
2025-11-06T09:46:45Z,@Albyan-ow3zc,Nomer 1 kayak orang stres,0
2025-11-06T07:31:42Z,@elinefiska-z3c,ğŸ¤£ğŸ¤£ğŸ¤£ğŸ¤£ğŸ¤£ğŸ¤£ğŸ¤£ğŸ¤£ğŸ¤£ğŸ¤£ğŸ¤£ğŸ¤£ğŸ¤£ğŸ¤£ğŸ¤£ğŸ¤£sayang makan sayang,2
2025-11-09T13:30:29Z,@Aqila_Humaira-art,"Cglbx, ofyğŸ‰ğŸ‰ğŸ˜‚ğŸ˜‚ğŸ˜‚ğŸ˜‚â¤",0
2025-11-06T05:14:22Z,@WayanMurtia,Cantik banget cewek yang pertama  â¤â¤â¤â¤ğŸ˜ğŸ˜ğŸ˜ğŸ˜ğŸ¥°ğŸ¥°ğŸ’‹ğŸ’‹â¤â¤â¤,0
2025-11-05T13:39:00Z,@ptrasta0810,saya makan saya nya nomor 1 kocak,0
2025-11-05T12:17:58Z,@KhansaaAnsyaa,Teman-temannya bi lek: berisik banget cok makan-makan ajağŸ˜‚ğŸ˜‚ğŸ˜‚ğŸ˜‚ğŸ˜‚ğŸ˜‚ğŸ˜‚ğŸ˜‚ğŸ˜‚ğŸ˜‚ğŸ˜‚ğŸ˜‚ğŸ˜‚ğŸ˜‚ğŸ˜‚ suara elu kayak gentong ketendang,0
2025-11-05T12:03:19Z,@DaffaFa-b2r,ğŸ˜‚ğŸ˜‚1ğŸ¤£ğŸ¤©ğŸ¤£ğŸ¤£ğŸ¤£2,0
2025-11-05T11:04:14Z,@RafanAlfarizqy-c1e,Yang cowo stres apa kok katak kesurupanğŸ˜‚ğŸ˜‚ğŸ˜‚ğŸ˜‚ğŸ˜‚,0
2025-11-05T11:03:24Z,@RafanAlfarizqy-c1e,Sayang makan sayang!,0
2025-11-05T08:19:08Z,@Banafzema98,Gw ketawa yang terakhirğŸ˜‚ğŸ˜‚ğŸ˜‚ğŸ¤£ğŸ¤£ğŸ¤£ğŸ¤£ğŸ¤£ğŸ¤£ğŸ¤£ğŸ¤£ğŸ¤£ğŸ¤£ğŸ¤£ğŸ¤£ğŸ¤£ğŸ¤£ğŸ¤£ğŸ¤£ğŸ¤£ğŸ¤£ğŸ¤£ğŸ¤£ğŸ¤£ğŸ¤£ğŸ¤£ğŸ¤£,0
2025-11-05T07:06:20Z,@Asnitacliff,"ğŸ˜…ğŸ˜…ğŸ˜…ğŸ˜…ğŸ˜…ğŸ˜…ğŸ˜…ğŸ˜‚ğŸ˜‚ğŸ˜‚ğŸ˜‚ğŸ˜‚ğŸ˜‚ğŸ˜‚ğŸ˜‚ğŸ˜‚ğŸ˜‚ğŸ˜‚hshxbcbbxbcbbzbcnbxbsn nbsbxbcbbzbcbcbbxb ce cbbzb,bxbbzbfbbehxbhxHzjdjxjskhdgdfgcxjfjjfjfj",0
2025-11-05T05:24:47Z,@ArahmanArohimRamaoim,Ryyyhdjsoiei4yytttyut67igjghvkdieiwiwiwjcjfufjfjdchcbcjdrirjrjjfhchchcjfchchfhhfhfjfjffjfjffjjffjfhfjfhghgjghthhthyyuyututuyjttuyututjfutiyuguguttutititityiyugjfutufugiggufuffyfyfufufhfjfjgfjfjffufjfjfjffjfurirutrjrjdurjfufigigiguygugiyigitgig,0
2025-11-05T05:07:53Z,@DAFFA-MP40-SG-ONE-PUNCH-MAN,ngeri juga ya no. 1ğŸ˜…ğŸ˜…,0
2025-11-05T02:54:38Z,@Dina-n7c7j,Enak ya dapet mbg kalok di sekolah aku gak dapet soalnya mi,0
2025-11-04T15:40:50Z,@BaharUdin-z2w,ğŸ˜‚ğŸ˜‚ğŸ˜‚,0
2025-11-04T14:47:26Z,@SeptiWahyu-w9w,Iya ğŸ™„,0
2025-11-04T10:41:29Z,@elsiwidiya6970,ih... apa2an sih itu... teriak2,0
2025-11-04T06:56:14Z,@SuparSupar-fb5dj,yang nomor 1 lucu baetğŸ˜‚ğŸ˜‚ğŸ˜‚ğŸ˜‚ğŸ˜‚ğŸ˜‚ ğŸ˜‚ğŸ˜‚ğŸ˜‚,0
2025-11-04T06:48:17Z,@taufiqurrahman504,Ok,0
2025-11-03T14:48:10Z,@dedidoko6181,lucubange     yangterah     hir,0
2025-11-03T14:36:29Z,@SelmaRs-e8x,Jagan makan makanan geratis,0
2025-11-03T14:28:02Z,@Syarif_18est,nomer 1kocak banget,0
2025-11-03T09:15:10Z,@Gandul45,ğŸ˜‚ğŸ˜‚ğŸ˜‚ğŸ˜‚ğŸ˜‚ğŸ˜‚,0
2025-11-03T08:19:03Z,@KakmasajiAji,ğŸ˜‚ğŸ˜‚ğŸ˜‚ğŸ˜‚ğŸ˜‚ğŸ˜‚ğŸ˜‚ğŸ˜‚ğŸ˜‚ğŸ˜‚ğŸ˜‚,0
2025-11-02T12:24:23Z,@GabolehnontonAnehaneh,Nomer 1 udh kaya suara tembakan,0
2025-11-02T11:55:37Z,@DAFFA-MP40-SG-ONE-PUNCH-MAN,gw kalo teriak malu tuhğŸ˜…ğŸ˜…,0
2025-11-02T11:54:46Z,@Yudihartono-oq3hr,Ituyangterakhir polahğŸ˜®ğŸ˜ŠğŸ˜…ğŸ˜¢ğŸ‰ğŸ˜‚â¤,0
2025-11-02T11:54:25Z,@GideonWibowo,nomor.  1.  udah.  gila.  ğŸ˜‚ğŸ˜‚ğŸ˜‚ğŸ˜‚. sampe. di.  lempar.,0
2025-11-02T10:07:54Z,@YunusSaleh-eu8nq,ke 4 berisik baget,0
2025-11-01T14:09:05Z,@abaigirdbodong9973,ğŸ˜‚ğŸ˜‚ğŸ˜‚ğŸ˜‚ğŸ˜‚ğŸ˜‚ğŸ˜‚ğŸ˜‚ğŸ˜‚ğŸ˜‚ğŸ‰ğŸ‰ğŸ‰ğŸ‰ğŸ‰ğŸ‰ğŸ‰ğŸ˜‚ğŸ˜‚ğŸ˜‚ğŸ˜‚,0
2025-11-01T12:01:52Z,@rizkibagja3587,Are you okeyğŸ˜¢,0
2025-11-01T11:34:30Z,@KairaHarahap,No 5 kaya Aci komika,0
2025-11-01T11:22:18Z,@NiaDamayanti-n9k,Yg terakhir cntik bgt kakak nya,0
2025-11-01T10:42:09Z,@EstherWibowo-r9b,Gak jelas,0
2025-11-01T08:20:43Z,@henrygimong9393,Kentut &amp; teriakğŸ˜‚ğŸ˜‚ğŸ˜‚ğŸ˜‚ğŸ˜‚<br>ğŸ‘ï¸ğŸ‘„ğŸ‘ï¸ğŸ‘»ğŸ‘»ğŸ—£ï¸ğŸ—£ï¸ğŸ—£ï¸ğŸ—£ï¸ğŸ—£ï¸ğŸ—£ï¸ğŸ—£ï¸ğŸ—£ï¸,0
2025-11-01T05:43:23Z,@juan-k5o2r,mbg MP3 toko teriak ibu guru marah tau ah,0
2025-11-01T02:00:47Z,@Happy_Day-p9n,Yg nomor 5 lucu kayak cewek anime,0
2025-11-01T00:36:25Z,@Aida123-dr8hx,ğŸ˜‚ğŸ˜‚ğŸ˜‚ğŸ˜‚ğŸ˜‚ğŸ˜‚ğŸ˜‚ğŸ˜‚ğŸ˜‚ğŸ˜‚ğŸ˜‚ğŸ˜‚,0
2025-10-31T17:15:20Z,@mil8796,ğŸ˜‚ğŸ˜‚ğŸ˜‚ğŸ˜‚ğŸ˜‚ğŸ‰ğŸ‰ğŸ‰ğŸ‰ğŸ‰,2
2025-10-31T14:19:48Z,@suryoatmojo-p8r9j,ğŸ˜„,0
2025-10-31T11:31:51Z,@lindalindut5788,1ğŸ˜‚ğŸ˜‚ğŸ˜‚ğŸ˜‚ğŸ˜‚ğŸ˜‚ğŸ˜‚ğŸ˜‚ğŸ˜‚ğŸ˜‚ğŸ‘ğŸ»ğŸ‘ğŸ»ğŸ‘ğŸ»ğŸ‘ğŸ»ğŸ‘ğŸ»ğŸ‘ğŸ»ğŸ‘ğŸ»ğŸ‘ğŸ»ğŸ‘ğŸ»,0
2025-10-31T11:23:28Z,@Matthew-Av,Itu nomor 5 ada gambar ubur ubur ğŸ—¿,0
2025-10-31T10:38:30Z,@desiratnasari3264,yang terakhir suara pistol sg,0
2025-10-31T09:14:48Z,@ziraryan1835,Yg terakhir lucu bangetğŸ˜‚ğŸ˜‚ğŸ˜‚ğŸ˜‚,0
2025-10-31T09:11:33Z,@RisaHernandes,"Yang terahir paling stres (yang nomor 1)ğŸ˜‚ğŸ˜‚ğŸ˜‚ğŸ˜‚ğŸ˜‚ğŸ˜‚ğŸ˜‚ğŸ˜‚ğŸ˜‚ğŸ˜‚ğŸ˜‚ğŸ˜‚ğŸ˜‚ğŸ˜‚ğŸ˜‚ğŸ˜‚ğŸ˜‚ğŸ˜‚ğŸ˜‚ğŸ˜‚ğŸ˜‚ğŸ˜‚ğŸ˜‚ğŸ˜‚ğŸ˜‚ğŸ˜‚ğŸ˜‚ğŸ˜‚ğŸ˜‚ğŸ˜‚ Ang, Ang Ang AngğŸ˜‚ğŸ˜‚ğŸ˜‚ğŸ˜‚ğŸ˜‚",1
2025-10-31T08:44:15Z,@monymayorea3303,Buset pada kerasukan ğŸ˜‚,0
2025-10-31T05:30:53Z,@AbiePradana-y5t,Nomeer 5 buat aku aja boleh gakkğŸ˜‹,0
2025-10-31T05:21:25Z,@PangeranBahtiar,Pelan-pelan,0
2025-10-31T04:44:53Z,@HUMAIRAazzahra-ix4nl,She just say sayang makan sayang,0
2025-10-30T20:11:35Z,@amorlz,ğŸ—¿ğŸ—¿ğŸ—¿ğŸ—¿ğŸ—¿ğŸ«µğŸ«µğŸ˜­ğŸ˜­ğŸ˜­ğŸ˜­,0
2025-10-30T14:18:22Z,@Suhardi-b5j,ğŸ˜‚ğŸ˜‚ğŸ˜‚,0
2025-10-30T13:22:58Z,@BaVinamoon,Nomer 5,0
2025-10-30T13:22:51Z,@BaVinamoon,Ini vira ya,0
2025-10-30T11:20:01Z,@Rizqi-j8u,ğŸ˜‚ğŸ˜‚ğŸ˜‚ğŸ˜‚ğŸ˜‚ğŸ˜‚ğŸ˜‚ğŸ˜‚ğŸ˜‚ğŸ˜‚ğŸ˜‚ğŸ˜‚ğŸ˜‚ğŸ˜‚ğŸ˜‚ğŸ˜‚ğŸ˜‚ğŸ˜‚ğŸ˜‚ğŸ˜…ğŸ˜…ğŸ˜…ğŸ˜…ğŸ˜…ğŸ˜…ğŸ˜…ğŸ˜…ğŸ˜…ğŸ˜…ğŸ˜…ğŸ˜…ğŸ˜…ğŸ˜…ğŸ˜…ğŸ˜…ğŸ˜…,0
2025-10-30T10:38:37Z,@IbraAbizar-z4m,Pas gw teriak &quot;sayang&quot;:SSSSAAAAYAAANGGGGG!!!!!!! MAKANNN SSSSAAAAYAAANGGGGG!!!!ğŸ—¿,0
2025-10-30T10:08:53Z,@rusdirusdi269rtde,ğŸ˜‚ğŸ¤¤ğŸ¤£ğŸ’¥ğŸ˜ğŸ—¿,0
2025-10-30T07:27:26Z,@iislindabackup,Allahu Akbar itu sulit banget sulit banget sumpah lucuğŸ˜‚ğŸ˜‚ğŸ˜‚,0
2025-10-30T05:17:13Z,@ArmanReyhan-z8r,Kayaknya mereka ank nya bang martinğŸ—¿,0
2025-10-29T09:09:08Z,@trezzbenn,lucu banget teriakannya sampai gue ketawa bejir ğŸ˜‚ğŸ˜‚ğŸ˜‚ğŸ˜‚ğŸ˜‚ğŸ˜‚ğŸ˜‚ğŸ˜‚,0
2025-10-29T07:14:16Z,@RAPI-sx5bj,Allah <br>ğŸ˜Š,0
2025-10-29T05:34:49Z,@Kol9ngJakarta,Itu yang terakhir khasian banget ya Allah Nia,0
2025-10-29T01:06:54Z,@AngkamorDelvins,Sayang makannnnnn,0
2025-10-28T13:39:56Z,@SairajiAji-p4q,Kalo aku no 1 sih  juara,0
2025-10-28T13:33:12Z,@SumarniAja-p3k,ğŸ˜‚ğŸ˜‚ğŸ˜‚ğŸ˜‚ğŸ˜‚ğŸ˜‚,0
2025-10-28T12:11:16Z,@SofieFarida,Agalainya irengirengğŸ˜…ğŸ˜‚ğŸ¤£,0
2025-10-28T09:22:54Z,@RuzainArasy-k6x,ğŸ˜‚MBG,0
2025-10-28T06:45:04Z,@tinyminihouse_8151,Gila l,0
2025-10-28T05:39:09Z,@sulissetyono2385,ğŸ˜‚ğŸ˜‚ğŸ˜‚ğŸ˜‚ğŸ˜‚ğŸ˜‚ğŸ˜‚ğŸ˜‚ğŸ˜‚ğŸ˜‚ğŸ˜‚ğŸ˜‚kto5o5p4ğŸ˜‚ğŸ˜‚ğŸ˜‚ğŸ˜‚ğŸ˜‚ğŸ˜‚ğŸ˜‚ğŸ˜‚ğŸ˜‚ğŸ˜‚ğŸ˜‚ğŸ˜‚ğŸ˜‚ğŸ˜‚ğŸ˜‚ğŸ˜‚ğŸ˜‚ğŸ˜‚ğŸ˜‚yruyu6,0
2025-10-27T16:45:21Z,@Shahana-w4s,âœï¸ğŸ“â¤ï¸,0
2025-10-27T15:32:04Z,@JulaikahJulaikah-p5g,Ituâ¤ğŸ‰lucuğŸ˜…,1
2025-10-27T11:49:41Z,@SimonSodikin,ğŸ˜‚ğŸ˜‚ğŸ˜‚ğŸ˜‚ğŸ˜‚ğŸ˜‚ğŸ˜‚,0
2025-10-27T11:42:42Z,@erictemukan,ğŸ¤£ğŸ¤£ğŸ¤£ğŸ¤£ğŸ¤£ğŸ¤£hahahahahahahahaha,0
2025-10-27T11:32:39Z,@audyrinjani5191ghl,duduuğŸ˜…ğŸ˜…ğŸ˜…ğŸ˜…ğŸ˜‚ğŸ˜‚ğŸ˜‚ğŸ˜‚ğŸ˜‚ğŸ—¿ğŸ—¿ğŸ—¿ğŸ—¿ğŸ—¿ğŸ—¿ğŸ—¿ğŸ—¿ğŸ—¿ğŸ—¿ğŸ˜­ğŸ˜­ğŸ˜­,1
2025-10-27T10:57:34Z,@Atik-h7x,Yg nomer satu paling lucu ğŸ˜‚ğŸ˜‚,0
2025-10-27T10:50:50Z,@NenengNisa-rb4kg,Or send Octa core gy soğŸ˜…,0
2025-10-27T10:38:48Z,@Sanijayaponsel-t1l,lucu yang terakhir di lemparğŸ˜‚ğŸ˜‚ğŸ¤£ğŸ¤£ğŸ¤£ğŸ¤£ğŸ¤£ğŸ¤£ğŸ¤£ğŸ¤£ğŸ¤£ğŸ¤£ğŸ¤£ğŸ¤£,0
2025-10-27T10:23:01Z,@ImranUpriadi,ğŸ˜‚ğŸ˜‚ğŸ˜‚ğŸ˜‚ğŸ˜‚ğŸ˜‚ğŸ˜‚ğŸ˜‚ğŸ˜‚ğŸ˜‚,0
2025-10-27T09:59:13Z,@AmsafeMadina,Itulah kalau anak-anak dapat m-banking di sekolah,0
2025-10-27T09:56:18Z,@ariefrazip7123,ğŸ‘…,0
2025-10-27T08:50:17Z,@Maman-i6d3q,ğŸ˜ğŸ˜ğŸ˜ğŸ˜ğŸ˜ğŸ˜ğŸ˜ğŸ˜ğŸ˜ğŸ˜ğŸ˜ğŸ˜ğŸ¤£,0
2025-10-27T08:39:49Z,@syahranirani5688,Yang nomor satu ngeri ğŸ˜‚ğŸ˜‚ğŸ˜…,0
2025-10-27T05:00:54Z,@SriUtami-r6p,ãŠã„ã—ã„é£Ÿäº‹ã‚’ãŠå¬ã—ä¸ŠãŒã‚Šãã ã•ã„ã€ãŠå§‰ã¡ã‚ƒã‚“ğŸ‰,0
2025-10-27T02:27:13Z,@IlahAjat-hb1nl,ğŸ˜‚ğŸ˜‚ğŸ˜‚ğŸ˜…ğŸ˜…ğŸ¥°ğŸ¤£,0
2025-10-26T21:59:27Z,@AnieSingo,Yang no 5 mirip kak loisa ğŸ˜®,0
2025-10-26T16:02:21Z,@David05-c3z,Pertanyaan nya anak2 ini senang apa kecewa.??,0
2025-10-26T14:10:24Z,@AzqiaraMahya-b1z,Maluin diri sendiri GK sihğŸ˜…,0
2025-10-26T14:01:00Z,@zaskiaputrinurdiana8913,ğŸ˜‚ğŸ˜‚ğŸ˜‚ğŸ˜‚ğŸ˜‚ğŸ˜‚ğŸ˜‚ğŸ˜‚ğŸ˜‚ğŸ˜‚ğŸ˜‚ğŸ˜‚ğŸ˜‚ğŸ˜‚ğŸ˜‚ğŸ˜‚ğŸ˜‚ğŸ˜‚ğŸ˜‚ğŸ˜‚ğŸ˜‚ğŸ˜‚ğŸ˜‚ğŸ˜‚ğŸ˜‚ğŸ˜‚,0
2025-10-26T13:18:23Z,@RoyhanMustakim,Yang terakhir bikin ketawa ngakakğŸ˜‚ğŸ˜‚ğŸ˜‚ğŸ˜‚ğŸ˜‚,0
2025-10-26T12:35:51Z,@karniahkarniah-t8d,ğŸ˜‚ğŸ˜‚ğŸ˜‚ğŸ˜‚ğŸ˜‚ğŸ˜‚ğŸ˜‚ğŸ˜­ğŸ˜­ğŸ˜­ğŸ˜‚ğŸ˜­ğŸ˜‚ğŸ˜‚ğŸ˜‚ğŸ˜‚ğŸ˜‚ğŸ˜‚ğŸ˜‚ğŸ˜‚ğŸ˜­ğŸ˜­ğŸ˜­ğŸ˜­ğŸ˜­ğŸ˜­,0
2025-10-26T10:59:42Z,@MamakAtul,Pada ngikutin Kori anjir ya gkğŸ˜…,0
2025-10-26T06:35:02Z,@HendriMurdani-p4k,ğŸ˜‚ğŸ˜‚ğŸ˜‚ğŸ˜‚ğŸ˜‚ğŸ˜‚ lucu di luar nalar cuy <br>Itu dia makan atau enggak tuh,0
2025-10-26T03:56:47Z,@dananksigid446,wkwkwkwkwkwkğŸ˜‚ğŸ˜‚ğŸ˜‚ğŸ˜‚ğŸ˜‚ğŸ˜‚ğŸ˜‚ğŸ˜‚ğŸ˜‚,0
2025-10-26T03:26:03Z,@elyrodzi90,Manusia bodoh tak meghargai,0
2025-10-26T02:15:09Z,@tukimantukiman756,Cicak rebus ke Cemplung kali halo <br>Cicak rebusğŸ˜‚ğŸ˜‚ğŸ˜‚ğŸ˜‚ğŸ¤£ğŸ¤£ğŸ¤£ğŸ˜†ğŸ˜†ğŸ˜†ğŸ˜†ğŸ¤«ğŸ¤«,0
2025-10-26T01:35:11Z,@MIMI-t3m4g,EmangğŸ˜‚ sih cocok di nomor 1ğŸ˜…ğŸ˜‚ğŸ˜‚ğŸ˜‚ğŸ˜‚ğŸ˜‚ğŸ˜‚ğŸ˜‚ğŸ˜‚ğŸ˜‚ğŸ˜‚ğŸ˜‚ğŸ˜‚ğŸ˜‚ğŸ˜‚ğŸ˜‚ğŸ˜‚ğŸ˜‚ğŸ˜‚ğŸ˜‚ğŸ˜‚ğŸ˜‚ğŸ˜‚ğŸ˜‚ğŸ˜‚ğŸ˜‚ğŸ˜‚ğŸ˜‚ğŸ˜‚ğŸ˜‚ğŸ˜‚,0
2025-10-25T13:52:40Z,@SemelSemel-n1i,Ka maaf yang ke 1 itu jangan terlalu kaya babi suara nyağŸ˜…ğŸ˜…ğŸ˜…,0
2025-10-25T13:46:07Z,@RizalApriadi-n5t,ya Allah semoga dapat juga,0
2025-10-25T13:41:24Z,@PuyerEnambelas,Iucu. BangetğŸ˜‚ğŸ˜‚ğŸ˜‚ğŸ˜‚ğŸ˜‚ğŸ˜‚ğŸ˜‚ğŸ˜‚ğŸ˜‚ğŸ˜‚ğŸ˜‚ğŸ˜‚ğŸ˜…ğŸ˜…ğŸ˜…ğŸ¤£ğŸ¤£ğŸ¤£,1
2025-10-25T13:13:56Z,@dwipuspitadewanti149,Astafirullah apa tuh yg di lemparğŸ˜‚,0
2025-10-25T12:37:20Z,@tirarahayu9583,ğŸ˜‚ğŸ˜‚ğŸ˜‚ğŸ˜‚ğŸ˜‚ğŸ˜‚ğŸ˜‚ğŸ˜‚ğŸ˜‚ğŸ˜‚ğŸ˜‚ğŸ˜‚ğŸ˜‚ğŸ˜‚ğŸ˜…ğŸ˜…ğŸ˜…ğŸ˜…ğŸ˜…ğŸ˜…ğŸ˜…ğŸ˜…ğŸ˜…ğŸ˜…,0
2025-10-25T08:23:27Z,@RealmeC21Y-g7l,Sumpah lucu banget â¤â¤â¤â¤â¤â¤â¤â¤â¤â¤,4
2025-11-09T10:23:14Z,@Opopo.p,Mantal Rusak kok lucu...Gnerasi Stroberi digadang2 generasi emasğŸ˜…ğŸ˜…ğŸ˜…...,0
2025-10-25T08:07:28Z,@ajingroupenterprise,ğŸ˜‚ğŸ˜‚ğŸ˜‚ğŸ˜‚,0
2025-10-25T04:42:20Z,@zahir_sekolah,ya allah jagan tiyan bang bisin ya allah <br>kaya gituğŸ˜‚ğŸ˜‚ğŸ˜‚,0
2025-10-25T03:19:07Z,@mahdalenasdnlagoa0540,Ih kerasukan,0
2025-10-25T03:18:40Z,@mahdalenasdnlagoa0540,Yg kocak pas no 1,0
2025-10-24T22:24:59Z,@anugrahryan4011,Lucu banget nomor 5ğŸ˜‚ğŸ˜‚ğŸ˜‚,0
2025-10-24T12:53:21Z,@KardiKardi-l7u,ğŸ˜ğŸ’ª,0
2025-10-24T12:32:02Z,@O.Herawati-hk7eu,Ka aku mah kesel sama sedih banget mbg gak datang datang,1
2025-10-24T13:01:13Z,@mules_aa,Sabar ya ğŸ˜ŠğŸ˜ŠğŸ˜ŠğŸ‰ğŸ‰ğŸ‰,0
2025-10-24T12:24:16Z,@RaissaAurum,no 2 ada yang bilang ok sayangğŸ¤­ğŸ¤­ğŸ¤­ğŸ¤­,0
2025-10-24T10:14:15Z,@rahmi3869,Yang terakhir nomor satu yang pas buka tutupan MBG,0
2025-10-24T09:06:25Z,@SitiAminah-vp6kh,Bulek yang terakhir ğŸ˜‚ğŸ˜‚ğŸ˜‚ğŸ˜‚ğŸ˜‚ğŸ˜‚ğŸ˜‚ğŸ˜‚ğŸ˜‚ğŸ˜‚ğŸ˜‚ğŸ˜‚,0
2025-10-24T08:48:38Z,@HeniMa5555,yang nomor dua ngakak bet pas ngomong sayangg makan sayang temen nya malah ngomong oke sayang ğŸ˜‚ğŸ˜‚ğŸ˜‚,0
2025-10-24T08:14:53Z,@AlesyaZea-l6y,Kocak banget si semuayaa,4
2025-11-01T13:29:50Z,@OktarinaTari-b6z4j,Astagfirullah yg no 1 wkwkwkğŸ˜‚,0
2025-10-24T08:13:37Z,@Sripuspita2022,ğŸ˜‚ğŸ˜‚ğŸ˜‚ğŸ˜‚ğŸ˜‚ğŸ˜‚ğŸ˜‚ğŸ˜‚ğŸ˜‚ğŸ˜‚ğŸ˜‚ğŸ˜‚ğŸ˜‚ğŸ˜‚ğŸ˜‚ğŸ˜‚,4
2025-10-24T06:08:42Z,@NurSia-l7r,ğŸ«°ğŸ‘°ğŸ¤µğŸ‘”ğŸ‘”ğŸ‡®ğŸ‡©ğŸ‡µğŸ‡¹ğŸ³ï¸â€ğŸŒˆâ˜ ï¸ğŸ—¿ğŸŒš,0
2025-10-24T02:42:55Z,@irmayantysrirahayu,f,0
2025-10-24T01:34:14Z,@RizkiAfrizal-w3d,Kaga diomelin y guru kahğŸ‰ğŸ˜®,0
2025-10-24T01:09:30Z,@LailatulHidayati-z1u,pilih cewek cewek 0 mantan saya,0
2025-10-24T01:08:55Z,@LailatulHidayati-z1u,2026 dikit lagi aku kelas 1 2026 kelas 1 kelas 1 kelas 4,0
2025-10-23T15:15:22Z,@evisusanti-u4b,hahahahahağŸ˜‚ lucu,0
2025-10-23T14:29:01Z,@SuryaWati-o7c,sayang:sayang-kepalakamupeyangğŸ˜’ğŸ˜¤ğŸ˜³,0
2025-10-23T14:07:11Z,@CINT414,ğŸ˜‚ğŸ˜‚ğŸ˜‚ğŸ˜‚ğŸ˜‚ğŸ˜‚ğŸ˜‚ğŸ˜‚ğŸ˜‚ğŸ˜‚ğŸ˜‚ğŸ˜‚,0
2025-10-23T14:07:04Z,@CINT414,ğŸ˜‚ğŸ˜‚ğŸ˜‚ğŸ˜‚ğŸ˜‚ğŸ˜‚ğŸ˜‚ğŸ˜‚,0
2025-10-23T13:45:48Z,@Siaidilampung7gmailcmSUAIDI444,No 2 .sayang makan sayang &quot;orang ngomong ok sayang&quot;,0
2025-10-23T12:51:28Z,@PuputSondang,ğŸ˜‚ğŸ˜‚ğŸ˜‚ğŸ˜‚ğŸ˜‚ğŸ˜‚ğŸ˜‚ğŸ˜‚ğŸ˜‚ğŸ˜‚ğŸ˜‚ğŸ˜‚ğŸ˜‚ğŸ˜‚ğŸ˜‚ğŸ˜‚ğŸ˜‚ğŸ˜‚ğŸ˜‚ğŸ˜‚ğŸ˜‚ğŸ˜‚ğŸ˜‚ğŸ˜‚ğŸ˜‚ğŸ˜‚ğŸ˜‚ğŸ˜‚ğŸ˜‚ğŸ˜‚ğŸ˜‚ğŸ˜‚ğŸ˜‚ğŸ˜‚ ğŸ˜‚ğŸ˜‚ğŸ˜‚ğŸ˜‚ğŸ˜‚ğŸ˜‚ğŸ˜‚ğŸ˜‚ğŸ˜‚ğŸ˜‚ğŸ˜‚ğŸ˜‚ğŸ˜‚ğŸ˜‚ğŸ˜‚ğŸ˜‚ğŸ˜‚ğŸ˜‚ğŸ˜‚ğŸ˜‚ğŸ˜‚ğŸ˜‚ğŸ˜‚ğŸ˜‚ğŸ˜‚ğŸ˜‚,0
2025-10-23T12:33:58Z,@RamaAlimakhbub,Lucu nomor 1 Nangkak ğŸ˜‚ğŸ˜‚ğŸ˜‚ğŸ˜‚ğŸ˜‚ğŸ˜‚ğŸ˜‚ğŸ˜‚ğŸ˜‚,3
2025-10-23T11:23:50Z,@novilinda6015,Di sekolah ku cowok di kelas ku gitu juga,0
2025-10-23T10:50:41Z,@sitinurhayati5899,yang nomor satu paling lucu sih sampai tutup MBG di lempar terus ada suara nya lagi,1
2025-10-23T10:44:02Z,@JulieAnneGlendylSalazarPocon,ğŸ˜‚ğŸ˜‚ğŸ˜‚ğŸ˜‚ğŸ˜‚ğŸ˜‚ğŸ˜‚ğŸ˜‚ğŸ˜‚ğŸ˜‚ğŸ˜‚,0
2025-10-23T10:26:03Z,@adikagalihperkasa,Sayangggggggggggg makannn sayanggggggggg ğŸ¤«ğŸ¤«,0
2025-11-09T08:19:25Z,@jamalsaepudin5733,aâ¤ï¸o<br>ğŸ˜…ğŸ˜…ğŸ˜…afhdi<br>ğŸ˜‚ğŸ˜‚ğŸ˜‚ğŸ˜‚gdlasdgh<br><br>  eqrldkb<br>ğŸ‰ğŸ‰ğŸ‰ğŸ‰ğŸ‰aghw,0
2025-10-23T10:25:08Z,@yadiyadi7629,Pu<br><br>ğŸ‰ğŸ‰ğŸ‰ğŸ‰ğŸ‰ğŸ‰ğŸ‰ğŸ‰ğŸ‰ğŸ‰ğŸ‰ğŸ‰ğŸ‰ğŸ‰ğŸ‰ğŸ‰ğŸ‰ğŸ‰ğŸ‰ğŸ‰ğŸ‰ğŸ‰ğŸ‰ğŸ‰ğŸ‰ğŸ‰ğŸ‰ğŸ‰ğŸ‰ğŸ‰ğŸ‰ğŸ‰,0
2025-10-23T09:22:58Z,@ShaqinaElfazza,Kocak di lempar ke tampar orang oww sakit,0
2025-10-23T08:31:11Z,@ZhenytaSucidesilya,Yg ke 1 beneran masih sd,0
2025-10-23T08:26:02Z,@supriyatna4396,Mereka semua kerasukan apa lah sampe gitu ğŸ˜‚ğŸ—¿,13
2025-10-31T14:43:29Z,@yatizurqoni4854,Seng terakhir lucu Jan cok ğŸ˜…ğŸ˜…ğŸ˜…ğŸ˜…ğŸ˜…ğŸ˜…ğŸ˜‚ğŸ˜…ğŸ˜‚ğŸ˜…ğŸ˜‚ğŸ˜…ğŸ˜‚ğŸ˜…ğŸ˜‚ğŸ˜…ğŸ˜‚ğŸ˜…ğŸ˜‚ğŸ˜…ğŸ˜‚ğŸ˜…ğŸ˜‚ğŸ˜…ğŸ˜‚ğŸ˜…ğŸ˜‚ğŸ˜…ğŸ˜‚ğŸ˜…ğŸ˜‚ğŸ˜…ğŸ˜‚ğŸ˜…ğŸ˜‚ğŸ˜…,0
2025-11-06T12:17:06Z,@budiasus-l3h,â€‹@yatizurqoni4854                )kkk,0
2025-10-23T07:41:10Z,@TotokNana,Nomor 1 paling lucu sampe di lempar tutup nasi nya ğŸ˜…ğŸ˜…ğŸ˜…ğŸ˜…ğŸ˜…ğŸ˜…,33
2025-10-23T13:49:04Z,@ekoharyanto1596,ğŸ˜…ğŸ˜…ğŸ˜…ğŸ˜…ğŸ˜…ğŸ˜…ğŸ˜…ğŸ˜…ğŸ˜…ğŸ˜…ğŸ˜…ğŸ˜…ğŸ˜‚ğŸ˜‚ğŸ˜‚ğŸ˜‚,3
2025-10-25T06:30:34Z,@KutaBarat-d5d9q,ğŸ•ŒğŸ•ŒğŸ•‹âš“,1
2025-10-26T00:48:55Z,@AtfarShop,ğŸ˜‚ğŸ˜‚ğŸ˜‚ğŸ˜‚ğŸ˜‚ğŸ˜‚ğŸ˜‚AiNğŸ˜‚ğŸ˜‚ğŸ˜‚ğŸ˜‚ğŸ˜‚,0
2025-10-29T16:52:03Z,@xbacilas23,The real suara panci emak emak ğŸ—¿ğŸ—¿,0
2025-11-01T13:51:05Z,@Joni-i5w7f,iyasaanngâ¤â¤â¤â¤â¤â¤â¤â¤,0
2025-10-23T07:40:19Z,@edrikantanira,Awal: amazing ğŸ¤©ğŸ¤© akhir:anjingğŸ—¿ğŸ—¿,0
2025-10-23T07:32:32Z,@IlalNurhilalliyah,ğŸ˜‚ğŸ˜‚ğŸ˜‚ğŸ˜‚ğŸ˜‚ğŸ˜‚,0
2025-10-23T05:45:04Z,@nzistudio8824,Astaghfirullah. Kok gak beradab. Mboh yg bagus opoo,0
2025-10-23T05:41:25Z,@IbelBelva-z5w,Aku hari kamis MBGnya,0
2025-10-23T04:28:58Z,@Muhammadfawwazasyaban-s6m,ğŸ˜‚ğŸ˜‚ğŸ˜‚ğŸ˜‚ğŸ˜‚,0
2025-10-23T03:16:28Z,@muallifahbwi3221,Manusia yg kurang bersyukur,0
2025-10-23T02:51:04Z,@fadlivansolang476,1,0
2025-10-23T02:37:39Z,@polo66-y4p,Yang ke 1 teriaknya besarğŸ˜‚ğŸ˜‚ğŸ˜‚,0
2025-10-23T01:16:32Z,@AmblackBlack-g6s,hahaha,0
2025-10-22T23:32:30Z,@PasahtPasaht,1 yang nomor satu ini kocak,0
2025-10-22T22:02:39Z,@RianRien-v2b,Yg no 1 masih SD,0
2025-10-22T17:18:56Z,@Fatullahalfarizky,Pemerintah:jadi ini yang ngerusak wadah MBGğŸ—¿,0
2025-10-22T16:30:56Z,@Hidayatwakday,Itupun ayahku yang buat makanan bergizi,0
2025-10-22T15:17:35Z,@egycaplank2040,ğŸ˜‚ğŸ˜‚ğŸ˜‚ğŸ˜‚ğŸ˜‚ğŸ˜‚ğŸ˜‚ğŸ˜‚ğŸ˜‚,0
2025-10-22T14:48:30Z,@HerlinaNovitasari-c4k,Mereka yang ngomong gua yang malu njirğŸ˜‚ğŸ˜‚ğŸ˜‚ğŸ˜‚,0
2025-10-22T14:44:02Z,@Liochapnnel,yg terakhir lucu kaliğŸ˜‚ğŸ˜‚ğŸ˜‚ğŸ˜‚ğŸ˜‚ğŸ˜‚ğŸ˜‚,0
2025-10-22T14:26:24Z,@AmirLaga-s3s,Astaghfirullah yang nomer satu itu gilağŸ˜‚ğŸ˜‚ğŸ˜‚ğŸ˜‚ğŸ˜‚ğŸ˜‚ğŸ˜‚ğŸ˜‚ğŸ˜‚ğŸ˜‚ğŸ˜‚ğŸ˜‚ğŸ˜‚ğŸ˜‚ğŸ˜‚ğŸ˜‚ğŸ˜‚ğŸ˜‚ğŸ˜‚ğŸ˜‚ğŸ˜‚ğŸ˜‚ğŸ˜‚ğŸ˜‚ğŸ˜‚ğŸ˜‚ğŸ˜‚ğŸ˜‚ğŸ˜‚ğŸ˜‚ğŸ˜‚ğŸ˜‚ğŸ˜‚ğŸ˜‚ğŸ˜‚ğŸ˜‚ğŸ˜‚ğŸ˜‚ğŸ˜‚ğŸ˜‚ğŸ˜‚ğŸ˜‚ğŸ˜‚ğŸ‰ğŸ˜‚ğŸ˜‚ğŸ˜‚ğŸ˜‚ğŸ˜‚ğŸ˜‚ğŸ˜‚ğŸ˜‚ğŸ˜‚,0
2025-10-22T14:10:57Z,@azzanovia,ğŸ˜‚ğŸ˜…,0
2025-10-22T12:43:43Z,@arikurniawatiwati5182,korban teknologi modern semua jd lelucon ğŸ˜‚ğŸ˜‚,5
2025-11-05T15:45:38Z,@AhmadAbiyan-k3v,ğŸ˜…ğŸ˜…,0
2025-10-22T09:18:21Z,@TresianaLiem,Loisa,0
2025-10-22T07:12:39Z,@RatnaByl,ğŸ˜‚ğŸ˜‚ğŸ˜‚ğŸ˜‚ğŸ˜‚,0
2025-10-22T06:45:26Z,@agusnilacitrasaripp8742,"Yg ke 4, man nya dimana??ğŸ˜…",0
2025-10-22T06:32:45Z,@NasrullahWahid-u6f,â¤,0
2025-10-22T05:56:01Z,@AlifyaSyachila,ini bukan ap king tapi ini mangga,0
2025-10-22T05:21:15Z,@MRSNINIE-g3n,ğŸ˜‚ğŸ˜‚ğŸ˜‚ğŸ˜‚,0
2025-10-22T05:05:46Z,@najwaa30,Yg nomor 1 bar bar bgt ğŸ˜­,0
2025-10-22T03:18:52Z,@JafarJf-bj1kp,ğŸ¤£ğŸ¤£ğŸ¤£ğŸ¤£ğŸ¤£,0
2025-10-22T03:00:04Z,@izuka876,Ate mbadog ae.bengak bengok.ra nduwe dorğŸ˜Š,1
2025-10-21T14:32:45Z,@ArisnhaPutri,ChachağŸ˜‚ğŸ˜‚ğŸ˜‚ğŸ˜‚ğŸ˜‚ğŸ˜‚ğŸ˜‚ğŸ¤£ğŸ¤£ğŸ¤£ğŸ¤£ğŸ¥°ğŸ¤™â¤ï¸,0
2025-10-21T14:10:25Z,@riangchannel,"Dapat makan sehat gak malah cerdas, tapi malah jadi oon...",0
2025-10-21T13:05:11Z,@RiccaPermatasari,Yang nomor 5 cantik banget cok,0
2025-10-21T12:49:00Z,@antonyibnuhajar3103,buat yang gak punya pacar jangan gitu ya ğŸ˜‚ğŸ˜‚ğŸ˜‚ğŸ˜‚,0
2025-10-21T12:38:29Z,@sucianggraeni4277,Lek lek lek weğŸ˜…ğŸ˜…,0
2025-10-21T12:12:41Z,@husnulhitamami,"Suarax bagus..tpi gak perlu pkek obrak obrak kemprengx, kasik etika bagus donk sebelum makan",0
2025-10-21T12:05:00Z,@EndruJumadi,gue ngakak yang terakhir karna lucu betğŸ¤£ğŸ¤£ğŸ¤£,0
2025-10-21T11:52:13Z,@AlfatihBagasramadan-q1m,Nomer 1 lucu parah,0
2025-10-21T10:51:27Z,@miminpurwati2876,Mas jangan bar-bar nanti kesurupan,0
2025-10-21T10:42:52Z,@HusinIca,"Sayangnya, jangan,terlalu,keras",0
2025-10-21T09:39:26Z,@AdikTia-n6q,ğŸ˜‚ğŸ˜‚ğŸ˜‚ğŸ˜‚ğŸ˜‚ğŸ˜‚,0
2025-10-21T08:43:51Z,@AlghaReza-t3q,Wildan apalahhh SmartfrenğŸ˜…ğŸ¤£ğŸ¤£ğŸ˜‚ğŸ˜…ğŸ˜…ğŸ˜…ğŸ˜…ğŸ˜…ğŸ˜…ğŸ˜…ğŸ˜…ğŸ˜…ğŸ˜‘,0
2025-10-21T07:48:27Z,@RizkiBirla,Nomor lima cantik banget,0
2025-10-21T07:44:40Z,@Sukijayy123Suki,Sâ¤â¤â¤â¤ğŸ‰ğŸ‰ğŸ‰ğŸ˜ŠğŸ˜ŠğŸ˜ŠğŸ˜ŠğŸ˜ŠğŸ˜…,0
2025-10-23T05:10:46Z,@aryosatyochannel7698,ğŸ˜®ğŸ˜®ğŸ˜‚ğŸ˜‚ğŸ¤£ yang tontonannya terakhir malah lebih lucu tapi tutupnya makan gratis nya malah dilempar,1
2025-11-03T12:49:07Z,@JasperChai-z8v,â¤â¤â¤â¤â¤â¤â¤â¤â¤â¤â¤â¤ğŸ˜‚ğŸ˜‚ğŸ˜‚ğŸ˜‚ğŸ˜‚ğŸ˜‚ğŸ˜‚ğŸ˜…ğŸ˜…ğŸ˜…ğŸ˜…ğŸ˜…ğŸ˜…â¤â¤â¤â¤â¤â¤ğŸ˜…,0
2025-10-21T07:39:39Z,@Xavieraulia,Rica dalam bahasa Indonesia pedas,0
2025-10-21T07:24:53Z,@Sahrulkan-p2l,Kenapa nomor 1 kok ada suara kentut ğŸ—¿ğŸ—¿ğŸ—¿ğŸ—¿,0
2025-10-21T07:17:37Z,@SimonSodikin,ğŸ˜‚ğŸ˜‚ğŸ˜‚ğŸ˜‚ğŸ˜‚ğŸ˜‚ğŸ˜‚,0
2025-10-21T06:49:03Z,@PutraSalma-nd9df,1ğŸ˜Š,0
2025-10-21T05:35:11Z,@NatPro-i8w,LucuğŸ˜…ğŸ˜…ğŸ˜‚ğŸ˜‚ğŸ˜‚ğŸ˜‚ğŸ˜‚ğŸ˜‚ğŸ˜‚ğŸ˜‚,3
2025-10-21T05:23:53Z,@KyraAuristela,Yang nomor satu lucu banget kakak-kakaknya,2
2025-10-21T04:29:48Z,@Andrea-c2t2l,Tinggal makan pada bertingkah,0
2025-10-21T04:00:00Z,@JulianaSeluas-do1np,ğŸ’¨ğŸ¤£ğŸ¤£ğŸ¤£ğŸ¤£ğŸ¤£ğŸ¤£ğŸ¤£ğŸ¤£ğŸ˜‚ğŸ˜‚ğŸ’¨ğŸ’¨ğŸ’¨,0
2025-10-21T01:18:58Z,@MwildanPratama-e9c,Itu nomor 1 udah gila yağŸ˜…,0
2025-10-21T01:10:42Z,@mardianaagustiani9377,Arti mbg=makanan beracun gratis,0
2025-10-20T23:14:14Z,@EkaFranita,Model bgtu yg pasti viral.  Gx punya etika mencerminkan TDK punya adab.,0
2025-10-20T18:03:34Z,@FahriAmel-d6m,Lah kok ngamok,0
2025-10-20T14:46:34Z,@AyraMahreen-v3c,ğŸ˜’ğŸ˜’ğŸ˜’ğŸ˜’ğŸ˜’ğŸ˜ ğŸ˜ ğŸ˜ ,0
2025-10-20T14:35:48Z,@BarokahJayamotor-s5d,Apa lu bego,0
2025-10-20T13:04:11Z,@karmahbima7781,SAYANGGGGGGGGGGGğŸ˜‚ğŸ˜‚ğŸ˜‚ğŸ˜‚ğŸ˜‚ğŸ˜‚ğŸ˜‚,2
2025-10-20T13:00:04Z,@MeidiaWati-l7m,Yang terakhir ğŸ˜‚ğŸ˜‚ğŸ˜‚ lucu,2
2025-10-20T13:14:57Z,@AgamGanteng-j2c,Gilaaaaaaaa,0
2025-10-20T13:17:14Z,@AmeliaNurmejia,Firx&quot;$_5_&amp;7_6_65&quot;_&quot;&quot;&amp;_66&#39;6&quot;&amp;6_dtrf Fufffffxxdyfffy,0
2025-10-29T13:05:10Z,@dianamarlina7164,ğŸ˜‚ğŸ˜‚ğŸ˜‚ğŸ˜‚ dan ğŸ˜‚juga ğŸ˜‚dapat ğŸ˜‚ğŸ˜‚ğŸ˜‚â¤ğŸ˜‚ğŸ˜‚ğŸ˜‚ğŸ˜‚ğŸ˜‚ğŸ˜‚,0
2025-10-20T12:58:51Z,@muhdizham6080,Lek lek lek weğŸ˜…ğŸ˜…,19
2025-10-23T03:33:50Z,@Glenn29,ğŸ˜‚ğŸ˜…ğŸ˜‚ğŸ˜…ğŸ˜‚ğŸ˜…ğŸ˜‚ğŸ˜…ğŸ˜‚ğŸ˜…ğŸ˜‚ğŸ˜…ğŸ˜…ğŸ˜‚ğŸ˜…ğŸ˜‚ğŸ˜…ğŸ˜‚ğŸ˜…ğŸ˜…ğŸ˜‚ğŸ˜…ğŸ˜‚ğŸ˜…ğŸ˜‚ğŸ˜‚ğŸ˜…ğŸ˜‚ğŸ˜…ğŸ˜‚ğŸ˜…ğŸ˜‚ğŸ˜…ğŸ˜…ğŸ˜‚ğŸ˜…ğŸ˜‚ğŸ˜…ğŸ˜‚ğŸ˜…ğŸ˜‚ğŸ˜…ğŸ˜‚ğŸ˜…ğŸ˜‚ğŸ˜…ğŸ˜‚ğŸ˜…ğŸ˜‚ğŸ˜…ğŸ˜‚ğŸ˜…ğŸ˜‚ğŸ˜…ğŸ˜‚ğŸ˜…ğŸ˜…ğŸ˜‚ğŸ˜…ğŸ˜‚ğŸ˜…ğŸ˜‚ğŸ˜…ğŸ˜‚ğŸ˜…ğŸ˜…ğŸ˜‚ğŸ˜…ğŸ˜‚ğŸ˜…ğŸ˜‚ğŸ˜…ğŸ˜‚ğŸ˜…ğŸ˜…,0
2025-10-23T14:46:14Z,@KinderNationalGeographic,ğŸ¤£ğŸ˜‚,1
2025-10-23T14:46:46Z,@KinderNationalGeographic,ğŸ¤£ğŸ˜‚,0
2025-10-28T23:49:00Z,@ByactaMusthofa,Saya makan,0
2025-10-20T10:16:13Z,@OpiariSandi,Aku mbg nya kaya gitu tapi pelan biar gak ketahuan kakak kelasğŸ˜ğŸ˜ğŸ˜ğŸ˜ğŸ˜ğŸ˜ğŸ˜ğŸ˜,1
2025-10-20T10:02:16Z,@MerlinDakman,ğŸ˜‚ğŸ˜‚ğŸ˜‚ğŸ˜‚ğŸ˜…ğŸ˜‚ğŸ¤£ğŸ¤£,0
2025-10-20T09:51:25Z,@Kristina0786-oc1hx,gak jelas banget ğŸ˜¡ğŸ˜¡ğŸ˜¡ udah keceng suaranya ğŸ˜¡ğŸ˜¡ğŸ˜¡,0
2025-10-20T09:50:11Z,@SitiAminah-vp6kh,Jangan di lempar juga kali,0
2025-10-20T09:47:20Z,@mirayanti-h5v,nomor  5  yang  lucuğŸ˜‚ğŸ˜‚ğŸ˜‚ğŸ˜‚ğŸ˜‚ğŸ˜‚ğŸ˜‚,4
2025-11-09T04:29:04Z,@sugihartono5074,ğŸ˜‚ğŸ˜…ğŸ˜‚ğŸ˜…ğŸ˜‚ğŸ˜…ğŸ˜‚ğŸ˜…ğŸ˜‚ğŸ˜…ğŸ˜‚ğŸ˜…ğŸ˜‚,0
2025-10-20T09:37:18Z,@emyhady4982,Yang no 1 tutup nya penyok,0
2025-10-20T09:12:16Z,@mikeputrilestari9111,Nomor 5 jir lucu bgt ğŸ˜‚ğŸ˜‚ğŸ˜‚ğŸ˜‚ğŸ˜‚ğŸ˜‚,2
2025-10-20T08:49:44Z,@MilaAstuti-kf6sj,Piringnya mabuk,0
2025-10-20T08:49:35Z,@MilaAstuti-kf6sj,ğŸ˜‚ğŸ˜‚ğŸ˜‚ğŸ˜‚ğŸ˜‚ğŸ˜‚,0
2025-10-20T08:46:02Z,@TantriPradnyadewi,ya ğŸ¤—ğŸ‘Š,0
2025-10-20T08:28:17Z,@Annida_rizuki,Orang gila ğŸ˜‚,0
2025-10-20T08:28:17Z,@atayaAndikaputra,ğŸ˜‚ğŸ˜‚ğŸ˜‚ğŸ˜‚ğŸ˜‚ğŸ˜‚ğŸ˜‚ğŸ˜‚ğŸ˜‚ğŸ¤£ğŸ¤£ğŸ¤£ğŸ¤£ğŸ˜ªğŸ˜ª masak sayang makan Sayang jangan bilang ke itu makanya orangğŸ˜‚ğŸ˜‚ğŸ˜‚ğŸ˜‚ğŸ˜‚,1
2025-10-20T08:13:07Z,@NurHasanah-eg5sl,Nomor 1 kaya lapar banget,1
2025-10-20T07:40:43Z,@MarisaEmilda,itu lucu banget bikin ketawa itu maka atau bukan si ğŸ˜‚,2
2025-10-20T07:36:04Z,@SazkiaNoviani,ğŸ˜‚ğŸ˜‚ğŸ˜‚ğŸ˜‚ğŸ˜‚sayang saaaaaaaaaaaaaang,0
2025-10-20T07:06:21Z,@FakihIlham-p7d,ğŸ˜‚ğŸ˜…ğŸ˜ğŸ˜†ğŸ˜„ğŸ¤£ğŸ˜‚ğŸ˜ƒğŸ˜„ğŸ˜€,0
2025-10-20T06:38:21Z,@Sudarsono-zz6fo,wkwkwkwkwkwk seng nomor satu bantermenğŸ˜‚ğŸ˜‚ğŸ˜‚ğŸ˜‚ğŸ˜‚ğŸ˜‚ğŸ˜‚ğŸ˜‚ğŸ˜‚ğŸ˜‚ğŸ˜‚ğŸ˜‚ğŸ˜‚ğŸ˜‚ğŸ˜‚ğŸ˜‚ğŸ˜‚ğŸ˜‚ğŸ˜‚ğŸ˜‚ğŸ˜‚ğŸ˜‚ğŸ˜‚ğŸ˜‚ğŸ˜‚ğŸ˜‚ğŸ˜‚ğŸ˜‚ bilang nya saya aaaaaaaaaa aaaa ğŸ˜‚ğŸ˜‚ğŸ˜‚ğŸ˜‚ğŸ˜‚ğŸ˜‚ğŸ˜‚ğŸ˜‚ğŸ˜‚ğŸ˜‚ğŸ˜‚ğŸ˜‚ğŸ˜‚ğŸ˜‚ğŸ˜‚ğŸ˜‚ğŸ˜‚ğŸ˜‚ğŸ˜‚ğŸ˜‚,0
2025-10-20T06:25:53Z,@MuAlim-z9d,Lemot ah,0
2025-10-20T05:34:03Z,@meylisanursanti9550,Berisik bangğŸ˜®ğŸ˜®ğŸ˜®ğŸ˜®ğŸ˜®ğŸ˜®ğŸ˜‚ğŸ˜‚,0
2025-10-20T05:21:02Z,@mascaarif460,ğŸ˜‚ğŸ˜‚ğŸ˜‚ğŸ˜‚ğŸ˜‚ğŸ˜‚ğŸ˜‚ğŸ˜‚ğŸ¤£ğŸ¤£ğŸ¤£ itu orang lagi kelaparan kali sayang makan sayang,2
2025-10-20T03:12:32Z,@anggiagus7585,Orang jelekğŸ˜Š,0
2025-10-20T01:26:29Z,@AmoiMeimei,Yang terakir lucu bangetğŸ˜‚ğŸ˜‚ğŸ˜‚ğŸ˜‚ğŸ˜‚ğŸ˜‚ğŸ˜‚ğŸ˜‚,14
2025-11-02T09:45:41Z,@TitikSubandia,ğŸ˜ğŸ˜‚ğŸ˜‚ğŸ˜‚ğŸ˜‚ğŸ˜‚ğŸ˜‚,1
2025-11-03T05:03:46Z,@Random_seruuu,ğŸ˜‚ğŸ˜‚ğŸ˜‚ğŸ˜‚ğŸ˜‚ğŸ˜‚ğŸ˜‚ğŸ˜‚ğŸ˜‚ğŸ˜‚ğŸ˜‚ğŸ˜‚ğŸ˜‚ğŸ˜‚ğŸ˜‚ğŸ˜‚ğŸ˜‚ğŸ˜‚ğŸ˜‚ğŸ˜‚ğŸ˜‚ğŸ˜‚ğŸ˜‚ğŸ˜‚ğŸ˜‚ğŸ˜‚,0
2025-11-03T05:04:06Z,@Random_seruuu,yaitu mencintai apakah coco,0
2025-11-07T15:19:28Z,@NaufalAbdullah-i5z,hIaiauiNisağŸ’¯ğŸ’¯ğŸ˜­ğŸ˜­ğŸ˜­,0
2025-11-09T04:52:57Z,@MiraWati-p8p,ğŸ˜‚ğŸ˜‚ğŸ˜‚ğŸ˜‚ğŸ˜‚ğŸ˜‚ğŸ˜…ğŸ˜…,0
2025-10-19T22:18:29Z,@sintalamsu7504,Serius yang pertama masi SD padahal udah gedek kayak sma,1
2025-10-19T14:00:13Z,@AkunGame-fw3xp,Kok lucu sekali itu yang lucu itu yang baju biru,1
2025-10-19T11:21:56Z,@WarehouseLawangAgung,Yang rerakhir kocak banget wkwkwkwkwk,1
2025-10-19T11:14:11Z,@ApriliaNursabeni,Ih ikuti sodara saya yang namanya oka,2
2025-10-19T10:23:57Z,@Starphone-k7v,1 mantap bang,0
2025-10-19T09:04:52Z,@AzmiRazak-r5e,ğŸ˜‚ğŸ˜‚ğŸ˜‚ğŸ˜‚ğŸ˜‚ğŸ˜‚ğŸ˜‚ğŸ˜‚,0
2025-10-19T06:20:43Z,@TatiRoaita,Woyy yang terakhir ngakak banget sumpah di banting dong tutup nyğŸ˜‚ğŸ˜‚ğŸ˜‚ğŸ˜‚,4
2025-10-19T05:21:59Z,@sholehudin8314,yang  ketularan  anak  nya  Martin<br>ğŸ˜‚ğŸ˜‚ğŸ˜‚ğŸ˜‚ğŸ˜‚ğŸ˜‚ğŸ˜‚ğŸ˜‚ğŸ˜‚ğŸ˜‚ğŸ˜‚ğŸ˜‚<br>pake  sayang  sayan)g  mana<br>ğŸ˜‚ğŸ˜‚ğŸ˜‚ğŸ˜‚ğŸ˜‚ğŸ˜‚ğŸ˜‚ğŸ˜‚ğŸ˜‚ğŸ˜‚ğŸ˜‚ğŸ˜‚<br>aku    bukan  ketawa  tapli  vidio  nya  itulohpp<br>ğŸ˜‚ğŸ˜‚ğŸ˜‚ğŸ˜‚ğŸ˜‚ğŸ˜‚ğŸ˜‚ğŸ˜‚ğŸ˜‚ğŸ˜‚ğŸ˜‚ğŸ˜‚ğŸ˜‚ğŸ˜‚,1
2025-10-19T01:31:26Z,@rendisaputra7557,Itu yang terakhir khasian banget ya Allah ğŸ˜­ğŸ˜­ğŸ˜­ğŸ˜­ğŸ˜­ğŸ˜­ğŸ˜­ğŸ˜­ğŸ˜­ğŸ˜­ğŸ˜­ğŸ˜­ğŸ˜­ğŸ˜­ğŸ˜­ğŸ˜­ğŸ‘ğŸ‘ğŸ‘ğŸ‘ğŸ‘ğŸ™ŒğŸ‘ğŸ„,37
2025-10-22T15:26:24Z,@johandwipamahardika1383,8ğŸ¤¬,4
2025-10-28T03:49:01Z,@MahyuniKln,ffrrrodugeoeiâ¤â¤â¤â¤â¤â¤â¤â¤â¤â¤â¤â¤â¤â¤â¤â¤â¤â¤â¤â¤â¤â¤â¤â¤ğŸ˜‚ğŸ˜‚ğŸ˜‚ğŸ˜‚ğŸ˜‚ğŸ˜‚ğŸ˜‚ğŸ˜‚ğŸ˜‚ğŸ˜‚ğŸ˜‚ğŸ˜‚ğŸ˜‚ğŸ˜‚ğŸ˜‚ğŸ˜‚ğŸ‰ğŸ‰ğŸ‰ğŸ‰ğŸ‰ğŸ‰ğŸ‰ğŸ‰ğŸ‰ğŸ‰ğŸ‰ğŸ‰ğŸ‰ğŸ‰ğŸ‰ğŸ˜¢ğŸ˜¢ğŸ˜¢ğŸ˜¢ğŸ˜¢ğŸ˜¢ğŸ˜¢ğŸ˜¢ğŸ˜¢ğŸ˜¢ğŸ˜¢ğŸ˜¢ğŸ˜®ğŸ˜®ğŸ˜…ğŸ˜…ğŸ˜…ğŸ˜…ğŸ˜ŠğŸ˜ŠğŸ˜ŠğŸ˜ŠğŸ˜ŠğŸ˜ŠğŸ˜ŠğŸ˜ŠğŸ˜ŠğŸ˜ŠğŸ˜Šididididisoeieiiriririeidiosoeieieieiieieieidiieieieoeiididiieieyrkfkckcidkdoodidoiduvhgcoododdidififiidififirirrififiidusieifiugycidididi,0
2025-10-28T05:40:11Z,@thranjlok226,ğŸ˜‚ğŸ˜‚ğŸ˜‚ğŸ˜‚ğŸ˜‚ğŸ˜‚ğŸ˜‚ğŸ˜‚ğŸ˜‚ğŸ˜‚ğŸ˜‚ğŸ˜‚ğŸ˜‚ğŸ˜‚ğŸ˜‚ğŸ˜‚ğŸ˜‚ğŸ˜‚ğŸ˜‚ğŸ˜‚ğŸ˜‚ğŸ˜‚ğŸ˜‚ğŸ˜‚ğŸ˜‚ğŸ˜‚ğŸ˜‚ğŸ˜‚ğŸ˜‚ğŸ˜‚ğŸ˜‚ YouTube filmnya lucu banget yang kayak SMP pakai tas sayang makan sayang suara ibu,1
2025-10-30T11:09:48Z,@futsalgrandmaster,WAH cantikk banget kakak nyaaa yang nombor 5 ohh my god so pretty girll,0
2025-11-02T10:15:46Z,@hanzgmg7620,ğŸ˜…ğŸ˜…ğŸ˜…ğŸ˜…ğŸ˜…gakdilemparjugakali,0
2025-10-19T01:01:23Z,@hermayahermaya9304,jangan dirusak dong...nanti guru kalian disuruh ganti loh....norak,0
2025-10-18T14:09:09Z,@DapoerMakOneng,Yang kelima masih SD jir,1
2025-10-18T14:03:17Z,@ReyvhalMaulanha,gw yang malu njrğŸ˜‚ğŸ˜‚ğŸ˜‚ğŸ˜‚ğŸ˜‚ğŸ˜‚ğŸ˜‚ğŸ˜‚,0
2025-10-18T13:30:19Z,@raffaachanel4263,Sayang sayang pala bapa kau sayang ğŸ¤¬ğŸ¤¬ğŸ¤¬ğŸ¤¬,0
2025-10-18T13:08:53Z,@Sndhhehdns,Kalau mbg lihat ini pasti ndak dikasih makan gratis lagi yang bilang sayang pasti kalau bikin kayak begini bikin lecet tahu ini tuh tidak boleh kena lantai nanti lecet,1
2025-10-21T10:32:04Z,@SujjalitaChaniago,Ya bg kata kepala sekola ku kalo lecet harus diganti 100 RB bg,0
2025-10-18T12:50:38Z,@malasari_cs2777,Yarue udah sayang lagi om martin,1
2025-10-18T12:36:51Z,@bawbawofficial2075,Gw suka nomor 5,0
2025-10-18T12:17:15Z,@mellyjanet,Bro telah melupakan bissmillah,1
2025-10-18T11:36:06Z,@AgusAriyanto-h4p,iyağŸ˜‚ğŸ˜‚ğŸ˜‚ğŸ˜‚ğŸ˜‚ğŸ¤£ğŸ˜‚,0
2025-10-18T11:22:17Z,@MariyamMariyam-l9e,Paling trakhir lucu banget ğŸ˜‚ğŸ˜‚ğŸ˜‚ğŸ˜‚,12
2025-10-21T10:07:08Z,@ArifSetiawan-n8f,Kalian gak usah kayak gitu nggak sih lebay namanya kaliğŸ˜‚<br>Kok kayak cewek ya kalian ini buat buatnya kok satunya ada yang dibanting,0
2025-10-21T13:21:15Z,@alamsidomulyo4538,Terbang.gak.tu.wkwkwkwkwkğŸ˜‚ğŸ˜‚ğŸ˜‚,0
2025-10-22T12:15:27Z,@MariyamMariyam-l9e,â€‹@alamsidomulyo4538lucu kanğŸ˜‚ğŸ˜‚ğŸ˜‚ğŸ˜‚,0
2025-10-18T11:18:36Z,@SuwarsihSuwir,yang  terak  hir  paling  lucuğŸ˜‚ğŸ˜‚ğŸ˜‚ğŸ˜‚ğŸ˜‚ğŸ˜‚ğŸ˜‚ğŸ˜‚ğŸ˜‚,8
2025-10-18T10:51:51Z,@yeninovrida,Yang terakhir  lucu banget wkwkwkwk,1
2025-10-18T10:50:10Z,@emmigultom4919,yangnomorsatulucubgt,0
2025-10-18T09:57:00Z,@maghfirohmulianti7869,Nomer 1 rebih lucu bejirğŸ˜‚,1
2025-10-18T09:53:36Z,@dayatershiwsw8042,Meraka GK malu,0
2025-10-18T07:41:03Z,@trisnawidhianingsih24ningsih,yang no 5 lebai,0
2025-10-18T07:21:09Z,@indahchannel2022,Kok yang pertama mirip loisa yağŸ˜…,1
2025-10-18T06:59:18Z,@franasad4595,Awalnya:biasa aja akhir nya ğŸ—¿ğŸ—¿,1
2025-10-18T06:48:21Z,@madarauchihasadboys,Caper njir,0
2025-10-18T06:39:23Z,@Dafiq2967,Gua dengernya saya &quot;makan saya&quot; Makan diri sendiri,1
2025-10-18T05:56:08Z,@YasakaMahe-ht2ds,Dunia hampir dikuasai oleh video seperti ini,2
2025-10-20T13:07:47Z,@mules_aa,ğŸ˜‚ğŸ˜‚ğŸ˜‚ğŸ‰ğŸ‰ğŸ‰,0
2025-10-18T05:51:47Z,@TatyanaJyotika,Dulu yourebun sekarang sayanggggggggggggggggğŸ˜…ğŸ˜…,2
2025-10-18T05:30:41Z,@RirisKusumadewi,Astaga burikbangetğŸ¤£ğŸ¤£ğŸ¤£ğŸ¤£ğŸ¤£ğŸ¤£ğŸ¤£ğŸ¤£ğŸ¤£ğŸ¤£ğŸ¤£ğŸ¤£ğŸ¤£ğŸ¤£ğŸ¤£ğŸ¤£ğŸ¤£ğŸ¤£ğŸ¤£ğŸ¤£ğŸ¤£ğŸ¤£ğŸ¤£à­§â (â ï¼¾â â ã€°â â ï¼¾â )â à­¨<br>ã€€ã€€ï½¡ï¾Ÿï¾Ÿï½¥ï½¡ï½¥ï¾Ÿï¾Ÿï½¡<br>         ï¾Ÿã€‚        ï½¡ï¾Ÿ<br>             ï¾Ÿï½¥ï½¡ï½¥ï¾Ÿ<br>       ï¸µ               ï¸µ<br>    (        â•²       /       /<br>      â•²          â•²/       /<br>           â•²          â•²  /<br>          â•­ Í¡   â•²           â•²<br>     â•­ Í¡   â•²        â•²       ï¾‰<br>â•­ Í¡   â•²        â•²         â•±<br> â•²       â•²          â•±<br>      â•²         â•±<br>          ï¸¶ <br>ï½¥ ï½¡<br>ã€€â­âˆ´ï½¡ã€€<br>ã€€ã€€ğŸŒŸï¾Ÿï½¥ï½¡<br>       ï¾ŸğŸ’«ï½¡<br> ã€€ã€€    âœ¨ğŸŒŸ ğŸ’« ã€€<br>ã€€ã€€   ï½¥ï¾Ÿâ­ï½¡ï½¥<br> ã€€ã€€ã€€ã€€â­âœ¨ï½¡Â·<br>ã€€ â­ï½¥ï½¡ğŸŒŸï½¥ï½¡âœ¨ğŸŒŸ<br>ã€€ã€€ã€€  âœ¨ğŸŒŸ<br>ã€€ã€€ã€€ã€€ ï½¥ï¾ŸğŸ’«âœ¨Â°<br>ã€€ã€€   ğŸŒŸ ï¾Ÿï½¥ï½¡ ğŸ’« ï½¡<br>ã€€ã€€ã€€ã€€ã€€ï¾Ÿâ­ï½¡ï¾Ÿâœ¨ ğŸŒŸ,1
2025-10-18T04:57:11Z,@DzakyMarthadiradja,Mbg beracunâ˜ ï¸,0
2025-10-18T04:33:07Z,@cepjamaludin4251,Yang kedua cowok nya nomong sayang ada yang ngomong oky sayang,0
2025-10-18T04:20:40Z,@SartiKliwon,Wong ora waras,0
2025-10-18T04:13:03Z,@regangerrard768,Nomor 1 barbar bangetğŸ˜‚ğŸ˜‚ğŸ˜‚ğŸ˜‚,1
2025-10-18T04:08:51Z,@HimuraKids,yang nomor lima mirip  loisa gak sih,0
2025-10-18T04:06:04Z,@regangerrard768,Dia kayak nya gay,0
2025-10-18T04:05:50Z,@regangerrard768,Sama,0
2025-10-18T04:01:56Z,@ratusalsabila4866,Wow sangat gabut sekali yağŸ—¿,0
2025-10-18T03:51:07Z,@BellaSwan-n5w,Berisik banget sihhhğŸ˜…,0
2025-10-18T03:26:24Z,@MuhammadRafkaAlAyyubi,Nomor 5 cantik banget,0
2025-10-18T03:23:54Z,@IkaNoviyani-n8k,ğŸ˜‚ğŸ˜‚ğŸ˜‚ğŸ˜‚ğŸ˜‚ğŸ˜‚,0
2025-10-18T03:02:47Z,@hazeliaalsava,Yang ke 1 mukanya mirip neymar,1
2025-10-18T04:08:01Z,@sintiadewi8514,Gelo,1
2025-10-18T02:47:20Z,@RyanPratama-zy7zh,Yang terakhir barbar bgt jirrr,1
2025-10-18T02:43:02Z,@bintang_meme10,Nomor.2 sayaaaangggg makan sayang tiba tiba ada suara Iyaaaa.... SayangğŸ˜‚,1
2025-10-18T02:34:38Z,@MangAji-f5n,"Dsfsyyxttrwtw7wiwvs cn,ğŸ˜ŠğŸ˜…ğŸ˜…ğŸ˜…ğŸ˜…ğŸ˜®ğŸ˜®ğŸ‰ğŸ˜‚",0
2025-10-18T02:17:59Z,@AgunhGgg,Yang no 5 cantik,0
2025-10-18T01:11:06Z,@alajja4,gw yang malu njr,50
2025-10-18T12:27:41Z,@RomeesaMalika,SamağŸ—¿ğŸ—¿ğŸ—¿,4
2025-10-19T00:23:47Z,@alfarizi8630,KaKğŸ˜‚ğŸ˜‚ğŸ˜‚ koluc,1
2025-10-19T01:10:40Z,@UtiKusmiyati,Nanti kalok rusak ganti dong 80 ribu,0
2025-10-19T01:11:15Z,@UtiKusmiyati,Mana suara nya cempreng,0
2025-10-20T02:34:12Z,@SumarwanPutra-o8u,nomor1 paling lucu,0
2025-10-18T01:02:20Z,@RatnaNingsih-l7m,Mereka yang bertindak gw yang maluğŸ˜‚,35
2025-10-18T02:23:22Z,@mon_lovers,Eh ha.,1
2025-10-18T03:11:44Z,@EninekaPutri,Apaan coba lu,0
2025-10-18T03:22:40Z,@RatnaNingsih-l7m,â€‹@EninekaPutriapaan coba?? Maksudnya gw yang malu liat video itu jir lu kenapa sihh,1
2025-10-19T01:54:00Z,@widasanti2023,Yang nomor 1 lucu core sampai dibanting tutup MBG nya ğŸ˜‚ğŸ˜‚ğŸ˜‚ğŸ˜‚ğŸ˜‚ nasib nasib ğŸ˜‚ğŸ˜‚ğŸ˜‚ğŸ˜‚ğŸ˜‚ğŸ˜‚,0
2025-10-20T03:39:33Z,@AyuAja-uy9wc,ğŸ˜‚ğŸ˜‚ğŸ˜‚ğŸ˜‚ğŸ˜‚ğŸ˜‚,1
2025-10-18T00:16:11Z,@maulidyalidya1785,"Gk sabar akhir Oktober ini, pakai dpat MBG",1
2025-10-17T21:13:33Z,@lussyetikasari8982,Nomer  1paling  lucu,0
2025-10-17T16:27:43Z,@Sil_uman,&quot;Bro telah melupakan bismillah,9
2025-10-17T22:39:38Z,@hafizgibran5562,Doa juga,2
2025-10-17T23:52:58Z,@nuritakusumadewi,Di lempar jirrrr,0
2025-10-18T03:14:28Z,@HamzahZainal-qw4rn,Bro tu hiburan merekağŸ˜’ğŸ§ğŸ§,0
2025-10-17T15:42:51Z,@DedeFasha-du6fe,Hhhhhhhhhhhhâ¤â¤â¤,1
2025-10-17T15:33:40Z,@NiKadekSusantiDwiYani-f2s,MBG-MAKAN BERACUN GRATIS,0
2025-10-17T22:35:27Z,@IgaDesy,Kan  bisa  juga  mbg  makanan  bergizi  gratis,0
2025-10-17T15:12:57Z,@foxlezzzzzzz,day 1 cosplay orang gilağŸ˜‚,0
2025-10-17T15:08:21Z,@ManAa1-x3k,satu kila  1,0
2025-10-17T14:23:07Z,@AnoAno-n5b,nomer 1paling lucu,34
2025-10-18T14:28:20Z,@channel_ani-j9r,Kalian nemu sesuatu yang janggal yang no mer dua ada yang bilang oke sayang katannya terus yang nomer satu tutup nya awas kena kepala temennya sampe di lempar pula,3
2025-10-19T02:07:30Z,@hidayatullah-6435,ğŸ˜‚ğŸ˜‚ğŸ˜‚ğŸ˜…ğŸ˜…ğŸ˜…,3
2025-10-19T13:03:01Z,@RafikUddin-f3b9g,luğŸ˜‚ğŸ˜‚ğŸ˜‚ğŸ˜‚ğŸ˜‚ğŸ˜‚lu,0
2025-10-20T06:20:44Z,@JASON_VOKALIS,Yang ke 1 brutal banget ampe ke lempar jauh ğŸ˜‚ğŸ˜‚ğŸ˜‚ğŸ˜‚ğŸ˜‚ğŸ˜‚ğŸ˜‚ğŸ˜‚paling laper banget terus ngamuk,0
2025-10-20T09:52:13Z,@agusyuliana1090,Jtdgfdutegtebfe ehh ternyata ada jd,0
2025-10-17T14:14:00Z,@Natasya_guys,Yang nomor lima bukanya loisa ya mirip soalnya,0
2025-10-17T13:35:51Z,@JusnaHutagalung,Kami matca sayang,0
2025-10-17T13:19:34Z,@sisjjsjsjsjjsajnsksnsnxn488,yg terakhir hrs ganti rugi lah udaadi ketok smpe penyok dilempar lagi,1
2025-10-17T12:43:49Z,@UsupUsup-sp2iu,Yg nmr lima kayak loisa jir,2
2025-10-17T12:01:32Z,@BondanPangestu-d6s8g,ğŸ˜‚ğŸ˜‚ğŸ˜‚ğŸ˜‚ğŸ˜‚ğŸ˜‚ğŸ˜‚ğŸ˜‚ğŸ˜‚ğŸ˜‚ğŸ˜‚ğŸ˜‚ğŸ˜‚ğŸ˜‚ğŸ˜‚ğŸ˜‚ğŸ˜‚ğŸ˜‚ğŸ˜‚ğŸ˜‚ğŸ˜‚ğŸ˜‚ğŸ˜‚ğŸ˜‚ğŸ˜‚ğŸ˜‚ğŸ˜‚ğŸ˜‚ğŸ˜‚ğŸ˜‚ğŸ˜‚ğŸ˜‚ğŸ˜‚ğŸ˜‚,1
2025-10-17T11:48:07Z,@AmmarFaeyzafahrullah,Yang pertama mirip loisa,1
2025-10-17T12:27:51Z,@qaylakey,duağŸ˜ŠğŸ˜ŠğŸ˜ŠğŸ˜ŠğŸ˜ŠğŸ˜ŠğŸ˜ŠğŸ˜ŠğŸ˜ŠğŸ˜Š,1
2025-10-17T12:55:13Z,@BossBessarBossBesar,Kak rusak gak tuh ğŸ˜‚ğŸ˜‚ğŸ˜‚ğŸ˜‚ğŸ˜‚,0
2025-10-17T13:41:08Z,@FeranikaMaharani-t4p,â¤â¤â¤â¤â¤â¤â¤â¤â¤â¤â¤â¤â¤â¤â¤â¤â¤â¤,1
2025-10-17T05:52:37Z,@SakuriSakuri-y1g,Norak,1
2025-10-17T06:07:01Z,@fatwaandini2517,bilang aja belum dapat mbg ğŸ˜¹,2
2025-10-17T07:44:51Z,@Ica-c3t,HahahağŸ˜‚ğŸ˜‚ğŸ˜‚ğŸ˜‚,2
2025-10-17T09:19:35Z,@MuhammadAbas-zz8gb,Kalo norak GK usah nonton,2
2025-10-17T10:43:58Z,@Almirakiandrap,Salpok Ama yang bilang ok sayanggg,1
